<root><var name="id" value="e7e9eadc-7cea-4eb0-aeaf-39db2aedbc3b"/><var name="level" value="13"/>
    <objects>
    <object name="a0675786-12d2-4d13-bfde-b83fb03ffbdd"/>
<object name="a03fd9ce-6693-4e6e-a7f5-f5657a4561e4"/>
<object name="74d3f030-ffca-41b4-a6f8-8f6bb9943313"/>
<object name="5568f7b8-5621-4392-9fc3-fa45af279693"/>
<object name="5a2c9164-b83e-4619-b0a7-ccb814920a4c"/>
<object name="655e401a-184c-4b75-a28c-0d2e0493ae63"/>
<object name="911a2783-4c19-4df5-815f-c9c9181953d3"/>
<object name="02abfd14-3bb4-49cb-b04e-70d98c6857d8"/>
<object name="a8a53149-57fc-47d2-9436-5d98a8e3635a"/>
</objects></root>