<root><var name="id" value="e399b8ca-26b2-46ae-90e0-e838de833c01"/><var name="level" value="30"/>
    <objects>
    <object name="9cd7a370-7fbe-4d00-9811-f7585cf28085"/>
<object name="0e305b58-6862-4cb5-b86b-4466c6ddd69b"/>
<object name="c11ab9d9-ed1b-4f1e-b802-a2771d01737d"/>
<object name="03d8ac93-cea2-43de-8afe-90de3db93f45"/>
<object name="60ba2cca-6ef4-4979-98eb-0029eaee73f0"/>
<object name="9b2a3821-a0af-4498-ae54-927ec02aa2b2"/>
<object name="3e90827e-d6f2-4b9b-8373-10a64d479865"/>
<object name="f3cc41a0-7c36-4a94-8493-afe34ada792b"/>
<object name="18992463-c5bd-4ab9-b81d-f5c33a1e4430"/>
</objects></root>