<root><var name="id" value="2ca8b33c-c721-4c0e-aea6-a3f4525793a3"/><var name="level" value="84"/>
    <objects>
    <object name="e92772df-2998-4b14-8c22-d5f0506d28c5"/>
<object name="e41b7dd2-6b61-4816-b71b-c9198bd493de"/>
<object name="988e4c17-e775-482f-907c-a95ac104c3e1"/>
<object name="ae757436-e5e6-4689-8d2d-3d473738ddcb"/>
<object name="fc264c15-a4ad-4846-afb3-8298404253f2"/>
<object name="aa28c978-cd22-4a7a-8c2a-e841f9a144dd"/>
<object name="7ac5c3b6-7e25-4c2a-82ab-c160f2673c67"/>
<object name="c2e813ad-9e32-4230-884c-746e169e9bb1"/>
<object name="a2b7f2e3-9bd8-4cdc-a1c7-1d2486b16499"/>
</objects></root>