<root><var name="id" value="537428ff-46b3-45f7-99b0-973fee3665a9"/><var name="level" value="84"/>
    <objects>
    <object name="8d6d7660-a629-40f9-923b-6788e7d9a80a"/>
<object name="f4f81c6c-bab4-45ea-b354-c4546e123cbc"/>
<object name="d7befaab-83a8-4f83-948f-c43c6fac3cfb"/>
<object name="527f5204-ad12-48a1-9318-cf313338a6ca"/>
<object name="369b6aab-b015-43fd-b569-bb23deb9c6a4"/>
<object name="d7d0e0da-58be-4ef7-b73a-4723ce634671"/>
<object name="08993e28-1c33-49a9-a184-3c257f601f90"/>
<object name="251b248b-ccdc-4128-a1f0-defab3f068db"/>
<object name="33933d03-9b80-43ad-85b5-b12358388ed7"/>
</objects></root>