<root><var name="id" value="da052852-451b-45a2-96bb-76c9cdc80d92"/><var name="level" value="30"/>
    <objects>
    <object name="fbae64e1-2e34-44c0-8064-9bc14f6c200e"/>
<object name="5eb1e652-9780-41ad-b84d-39c09fe47f16"/>
<object name="5d7c8613-695a-459a-aec8-f4bfc1d57f9f"/>
<object name="cf0bb514-329a-4d3f-b50b-075753709513"/>
<object name="81cf44bc-255c-4c10-8728-224f76d65076"/>
<object name="53314fb5-0674-415d-b4e5-8c17c3864857"/>
<object name="af5196d8-6fee-41b1-828f-2ed1feae2ee0"/>
<object name="9f94b90a-2b78-49f5-8db1-8c8b9038639f"/>
<object name="9294b640-e1b6-4c30-aa97-b8620e291419"/>
</objects></root>