<root><var name="id" value="ac2ce3b9-4399-4180-9d42-d217bcb868da"/><var name="level" value="51"/>
    <objects>
    <object name="872e1068-0147-4d76-ae78-5afcf4b3e09a"/>
<object name="1efc99b5-c6b1-457b-9da1-ecd031540912"/>
<object name="7fd356d8-f56a-47f1-bccc-e3fde6b96de8"/>
<object name="fa19625a-12f3-4d0d-8831-7f27c8c96408"/>
<object name="8ca31a29-fac6-4736-ab4a-7fcc32954424"/>
<object name="102598a3-eed0-4b2d-be33-ea7bd15d5cc4"/>
<object name="e15e003e-15e9-4bcb-8297-d2f5022ce53f"/>
<object name="ec530256-7c69-480c-855e-ab8bc72069df"/>
<object name="666b1149-a16a-4c96-bc42-957037a159b8"/>
</objects></root>