<root><var name="id" value="3a677f2e-e6b5-4a00-85b6-aab8f5f16fea"/><var name="level" value="68"/>
    <objects>
    <object name="55f8cf9e-f48b-486b-82a0-8ca540741b1c"/>
<object name="892b0949-8db7-4067-8b87-ac54e06e0ff2"/>
<object name="d766c369-3c3b-4438-8be3-f58e3b8e7efb"/>
<object name="9fee6737-df6a-4cc6-befa-69fe151a0f60"/>
<object name="07fb3c00-9122-462e-9b39-d3249e0d4027"/>
<object name="e3f3ea8e-0fdd-45e8-8cf5-cdfb56d68c34"/>
<object name="db4cfbb6-b40b-43f9-923d-42874096e8f0"/>
<object name="60897162-8b2b-4fbe-a1c4-1db32cf80010"/>
<object name="69f9e442-f329-4234-810f-e2e541db12c8"/>
</objects></root>