<root><var name="id" value="1adca96c-3801-456b-b9f9-b2a44f3404e9"/><var name="level" value="86"/>
    <objects>
    <object name="f315ea7d-42a9-4b07-9d6a-2cb7253ab6e2"/>
<object name="ff67de11-8700-43db-a82e-7935a9f7ead8"/>
<object name="7c4d0853-7bbd-42b6-bff4-6a1182964cea"/>
<object name="c02d4a49-ab32-4fc6-aa39-3400ff5d6596"/>
<object name="d6c993a0-2ae6-48af-a02c-29b03b59db52"/>
<object name="63b28c37-cac2-490f-bab6-1abd005a9a26"/>
<object name="1599badc-6cd6-4741-b4e3-ae1677c1d886"/>
<object name="188a9d33-c6d4-4a05-85a4-2f52cafaa862"/>
<object name="774a9522-aba1-4071-baf6-5c94594fba0a"/>
</objects></root>