<root><var name="id" value="6071ef56-7ecc-4611-ab65-45301a4a4608"/><var name="level" value="19"/>
    <objects>
    <object name="7a2ad7f1-f488-452c-b6b3-ad808793b791"/>
<object name="0d6ca9a1-8a64-4606-9427-ce0b22f5be48"/>
<object name="15cd7adf-629f-45f4-9522-4570f7c8a9fe"/>
<object name="8e5c5b8f-615d-4b11-b1ff-42024536ad16"/>
<object name="64c51642-c489-4f82-a064-bbd536ef9716"/>
<object name="3678ac57-fedc-41ed-883e-33bb6d9d6a3e"/>
<object name="ca826e59-64b8-43ed-9608-aa4e7cd9b91e"/>
<object name="50baf109-bcb4-42ef-bc49-74f374cbee38"/>
<object name="d5aa8c71-38c6-43c1-a74a-5b05b686a86b"/>
</objects></root>