<root><var name="id" value="8e6074de-e1f0-4104-80a4-f99fd4f2514f"/><var name="level" value="82"/>
    <objects>
    <object name="4a90a755-ba7c-4847-b15c-07dfe7712dd8"/>
<object name="69d91f1d-5020-4c61-b8ac-a9b064606df0"/>
<object name="4a6cc3d0-d2ec-43d9-8036-e10fe9e6b90d"/>
<object name="d1c538aa-7f04-45ae-9871-5fc0bbbc4708"/>
<object name="b9b8fb3d-963a-475e-a6f9-84bcb13f4d6d"/>
<object name="d9e0524a-0116-4914-9b08-e920375000a6"/>
<object name="1076fc0a-2859-4b86-9325-e34207f1c4ae"/>
<object name="3abfb4e9-d362-4027-980d-7a8b371c3edc"/>
<object name="ab67eddf-ae1f-462b-8c4c-61fc4b9ab2e0"/>
</objects></root>