<root><var name="id" value="d332cff5-b735-49ce-a9fb-951ddb4b6329"/><var name="level" value="14"/>
    <objects>
    <object name="b71ae884-e3df-4899-9a46-e6d1290571ad"/>
<object name="7428c4a1-b75b-47a0-a9f1-941e2135e03e"/>
<object name="8de44567-6704-4015-9af1-9cb9df8829aa"/>
<object name="45c1cb0e-dcb2-4c43-8b0a-e2c5dad289dc"/>
<object name="f91a6b2c-b886-4d44-b7f5-d653ceb2f726"/>
<object name="4b32335f-7a7f-470b-939f-544529650fa1"/>
<object name="6169e0fd-65af-4515-b6ac-a3aab2cfa42a"/>
<object name="73b61060-5783-4f9f-9175-175e2bc82435"/>
<object name="b378dfd1-2b06-4e87-8aa6-16333d49a068"/>
</objects></root>