<root><var name="id" value="e844446e-140e-4fc3-873e-5858066af69f"/><var name="level" value="94"/>
    <objects>
    <object name="72e6823a-d906-47b0-bd49-81729faaaa2f"/>
<object name="03299646-ef15-4086-a7f6-552600e2525d"/>
<object name="ec20feec-d737-4d62-9e34-1cb7afa1c4df"/>
<object name="43a09fde-038e-4d86-ac6b-b45b60079c8e"/>
<object name="108e9ca5-ef31-4f9e-bbd3-e856d42e5ece"/>
<object name="ca2cbea3-83fd-4f96-9a91-907d7acbe2ca"/>
<object name="d5001c91-d154-4b5d-b10a-5bf351890a6f"/>
<object name="c2c706cb-8700-4729-9881-3d8ef695c105"/>
<object name="1d025b6b-ab9c-4108-9474-6cddaedb8fbc"/>
</objects></root>