<root><var name="id" value="571c622d-0e1b-4194-b0b8-eb0830191ef0"/><var name="level" value="19"/>
    <objects>
    <object name="27c314d9-e121-4978-ac64-58873d231f65"/>
<object name="38ad274a-5284-41cf-9995-eca92477a792"/>
<object name="a11dac45-da8c-45d8-9f90-a568c1e3dc1d"/>
<object name="39963644-2648-43f1-8bfc-360db3a00a22"/>
<object name="24344fee-c81a-4573-95da-6bb937305641"/>
<object name="9436ac3f-a4ca-4161-908f-8301fdc0c0da"/>
<object name="a416dacc-b24e-4b4c-8b54-9042a9b79a56"/>
<object name="6fd964df-7334-4385-9f34-4ec87f6df8e7"/>
<object name="e0b7bbbe-dda4-47b2-bb21-63a0eef73fb3"/>
</objects></root>