<root><var name="id" value="79bf4ad2-b236-4fed-9901-a7e1dc69f898"/><var name="level" value="14"/>
    <objects>
    <object name="d7f9e61b-8b67-4d36-bcc2-538eb2f58be7"/>
<object name="0214d550-50d8-4bad-82ee-a4d5cc3afefb"/>
<object name="73a6eed6-1919-467b-b488-076d59ec7551"/>
<object name="8fc1b4b3-8b7e-445d-afa1-83777d1bdadd"/>
<object name="36267e87-df9b-454e-9f67-c839b7d8685b"/>
<object name="a7ab24c8-ae52-44ac-ad76-5422ea58e963"/>
<object name="470030df-5c98-47a8-a845-110689d8d9d3"/>
<object name="70957a07-57cc-4986-9092-f1623e666bc6"/>
<object name="835c51a8-848d-42ce-8399-1efebd063351"/>
</objects></root>