<root><var name="id" value="6c7f142a-cc69-4a5f-b4ba-89eb48385dcb"/><var name="level" value="10"/>
    <objects>
    <object name="be7df20c-a5bf-49a6-b98b-26f8632d6d47"/>
<object name="d349608f-4aa6-4f3a-9618-b4ae1580d4e6"/>
<object name="b9a0d723-4df6-47d4-b3df-2099808ab9b0"/>
<object name="d5ec7a9d-4e48-481a-ad52-a21e17d3caa9"/>
<object name="251cee1e-bea0-4bf8-a8f7-f4169062e5a3"/>
<object name="4d6d57e5-d800-4696-9bd0-420a3b08da61"/>
<object name="30cd3a16-e267-47cd-83a0-3f23997698cb"/>
<object name="0372dd2d-4cf3-4173-ad2c-672c2c491a02"/>
<object name="8d25722e-2fe5-49cc-a4c2-a97933f2efaf"/>
</objects></root>