<root><var name="id" value="d4c1464a-ca36-4ddc-8abe-5d32ae55b6fc"/><var name="level" value="76"/>
    <objects>
    <object name="ef7326d9-758d-456a-b9f6-79fae80ada0c"/>
<object name="09955b28-7d1d-423a-8867-80f573b10d05"/>
<object name="7d64c045-e02b-4364-926f-5a2cc0a47aa4"/>
<object name="8c3aae49-42ef-437c-aa9b-60fb6ce67e59"/>
<object name="d981b5d1-f980-4225-ba6f-d5d499361898"/>
<object name="043ee3d4-b8d3-418f-bb2e-e98c25366f78"/>
<object name="eb381aac-7ea9-4851-9963-c7655656e747"/>
<object name="e2f33fe1-01b2-423b-b5fe-c025520d84cd"/>
<object name="266a4b26-52ca-472a-848b-0f381652c590"/>
</objects></root>