<root><var name="id" value="22ef6292-558d-4186-b73e-d3f7b32006ba"/><var name="level" value="47"/>
    <objects>
    <object name="526f714f-1602-4b34-9a05-ddbc414b04b2"/>
<object name="024898a9-5f12-4bfb-83ec-70bcfaca17e1"/>
<object name="e4274267-74d7-474a-8d3c-ba77492d8b70"/>
<object name="92ee73a8-8686-409c-8381-831dbafa7b5d"/>
<object name="e5755901-95e4-4722-9c84-b575ecbd57b9"/>
<object name="acaadabe-5579-4fa6-889c-48d6e50a2000"/>
<object name="ba995bc9-8706-483d-9341-15b3ea4a6a99"/>
<object name="97db9f27-9653-451b-8ab0-a2f3e892addc"/>
<object name="904115e8-99e4-4994-9dce-a48bb65417d7"/>
</objects></root>