<root><var name="id" value="a4c8c457-f1cb-49a2-9fa6-6fb2f811c13a"/><var name="level" value="95"/>
    <objects>
    <object name="6f0a05c3-8c81-45dd-ac1f-67b65688cf05"/>
<object name="122066f0-a4e0-4520-a49e-ba81c24c6a04"/>
<object name="b2d86129-7d4a-420a-9266-ff670a8fafb7"/>
<object name="e7ac5f19-3833-486f-89fb-d8494fe4d965"/>
<object name="f79efdbc-c3c2-4851-a89d-efe3eaacaa60"/>
<object name="2a3f3a38-32d8-4c02-aa29-6712e1baffaf"/>
<object name="72f5bbfb-0be8-4a61-982e-202ebd53597a"/>
<object name="71ebfa45-28dd-4de8-8b10-05f1a2bc8c9f"/>
<object name="626d6b97-0efd-42f7-ae7a-a6b30cc41976"/>
</objects></root>