<root><var name="id" value="0c0099a8-1aa2-4433-ab1b-2db7dd69a010"/><var name="level" value="23"/>
    <objects>
    <object name="8ad7b819-5381-40d3-8a5a-ba1ec794243a"/>
<object name="d563241a-54fc-4183-8e58-6d5c23589d3e"/>
<object name="0340f5eb-2472-46df-a047-8121048639e1"/>
<object name="0ac21ae7-919c-4813-90ef-e16662164a77"/>
<object name="46cd6cbc-86c5-401b-90c8-58379994ee85"/>
<object name="aa64c292-6aa7-46b4-94e6-8636a78ee097"/>
<object name="d09eae76-6e1d-4a83-bb94-375d94ea1d08"/>
<object name="d4212413-c79a-4afc-9a92-3215a1eea3a5"/>
<object name="b43ef9fe-7674-4d10-a931-788ce0dfe2f7"/>
</objects></root>