<root><var name="id" value="ff4d593c-9bc3-494c-9479-8d85fddd9ced"/><var name="level" value="99"/>
    <objects>
    <object name="65da0ae1-9750-40a9-90b4-bccf61d72e1e"/>
<object name="ffc50355-d5c0-4845-926e-10a675eaaa5b"/>
<object name="5319fb21-ee00-453b-a8b3-ba0d5231373d"/>
<object name="cbd06fb5-b379-4b25-93ef-dd922be95cad"/>
<object name="9c030a80-b43b-4dfb-a8e1-bdc5b9e02899"/>
<object name="e7b3a332-4c3f-453c-aba5-9024dabf0b23"/>
<object name="f1c5fd93-f71c-4831-8885-e3e5e6098e1c"/>
<object name="7ceb6bb5-b55e-4b38-9448-e87392f9b9b4"/>
<object name="005a81a8-0171-42a9-a99b-e0dce98a3712"/>
</objects></root>