<root><var name="id" value="35cbf051-92d6-48b5-8bd7-91f6e65be193"/><var name="level" value="27"/>
    <objects>
    <object name="f614a76d-ff3e-45f8-bb03-4f863b38ac50"/>
<object name="91c11812-8793-4f4a-b11c-182e8e4cf202"/>
<object name="056ccf6f-7263-47f3-858d-b673771fd046"/>
<object name="b9c43a81-ea2c-44fb-bf2e-33dffeacb3a5"/>
<object name="705637fb-7c72-467d-829e-fcea507ae9b4"/>
<object name="0f206829-d861-4d90-9b1f-5af89dd7a576"/>
<object name="ff0dcaa7-bf04-4e66-9384-52918149aac8"/>
<object name="a757db49-a68c-464b-9bc6-ae85f2d34b99"/>
<object name="f79213eb-6db0-450f-a8f9-e1451837348e"/>
</objects></root>