<root><var name="id" value="c1255ad8-f9c1-4ec3-b996-ddff10493c7d"/><var name="level" value="90"/>
    <objects>
    <object name="eb47f839-8aea-43d8-b230-3a9f22a4a852"/>
<object name="b829b8e9-3a7e-4418-9125-126b5e6e23b1"/>
<object name="af3e322e-ea37-4fc8-88af-c3ee7ba16d68"/>
<object name="55adfd6b-a30b-4a43-be59-213cac46c99d"/>
<object name="2973ddee-1b9b-4474-a54b-15e2bd40bcaf"/>
<object name="0e4788ad-abbc-493e-85b5-4fae32bc73dd"/>
<object name="d452f799-0bf9-4428-bdee-3b7d9b8dc5dc"/>
<object name="8aaae0e2-7693-41b1-b5c5-a1c5681f53d4"/>
<object name="4b3eb17e-9e9b-4421-bb18-6f352605fa50"/>
</objects></root>