<root><var name="id" value="e1cea09c-0ad5-468f-9ae9-58fa7b2569da"/><var name="level" value="21"/>
    <objects>
    <object name="646b0ced-a910-4f25-ad09-8e935db03abc"/>
<object name="4cb176f3-d4b5-4280-987f-b2c7cc03b46e"/>
<object name="0bf0072b-2e83-4d42-80a8-85fe10fae049"/>
<object name="39ef2f1c-e052-4453-90c0-431b7068fc2b"/>
<object name="64cc1481-663e-4aff-9c95-83fabe3170b1"/>
<object name="220e0069-674b-46e6-9473-1cc2c817e292"/>
<object name="d872e84a-0669-4978-97bc-a807ac021185"/>
<object name="914abe1a-824b-464a-815f-d83bed15a8c4"/>
<object name="7db56d39-5ada-4bee-9950-e3610a70dce9"/>
</objects></root>