<root><var name="id" value="0310486b-743b-4079-9495-c4fc19383aae"/><var name="level" value="87"/>
    <objects>
    <object name="36b36af5-03b3-4dfc-81a7-5faf405e858f"/>
<object name="81211c9e-deae-4fc6-9395-b08184977c36"/>
<object name="fd3aecd8-6aae-4fcd-a540-0fba79b4a045"/>
<object name="b96c3437-16a7-4745-a85f-5ce0c3816d7b"/>
<object name="6a43a328-62e1-474a-96c9-51002ad2df09"/>
<object name="caa1b428-8f80-4d66-a262-c73fb68b79d0"/>
<object name="82a2b99f-e073-41e7-9f3f-56f3d35074ad"/>
<object name="7a0dd9b3-58f3-4476-b659-4cb12b3260f0"/>
<object name="02214f3b-8e53-4d8e-b589-7cccfd5246be"/>
</objects></root>