<root><var name="id" value="70b7e363-7dd8-45e7-96a2-dfecbc85ded0"/><var name="level" value="8"/>
    <objects>
    <object name="9bb7b202-710a-4268-a093-2ca6077b9f98"/>
<object name="1a7247b8-e619-430a-886d-11c05bae2a1c"/>
<object name="37b25d9e-623d-4874-b089-4caeecafbba9"/>
<object name="11f2fab5-57b6-4f70-8d93-9d7387132218"/>
<object name="f74e3cbf-8195-40d2-b8c8-334f2906a078"/>
<object name="d7120c5b-a089-415d-a997-90f0c638fa8c"/>
<object name="2a224ea6-1bc8-4a41-8175-c1c46376102c"/>
<object name="406f72cf-0568-446e-985f-a1b477c636b6"/>
<object name="f9f57602-c667-44c5-9514-f76565d7e2d8"/>
</objects></root>