<root><var name="id" value="c453fc99-b4a9-47a5-aa2a-5d2e772bc220"/><var name="level" value="12"/>
    <objects>
    <object name="7efe959a-ef0c-4e6d-ba15-ddfd773f5e1d"/>
<object name="0462e69c-086c-47db-ade5-be8216294dd1"/>
<object name="ef7543d6-c4e0-4970-9b9e-a82445ebe583"/>
<object name="06bf5689-e577-453a-8987-20eca42340b8"/>
<object name="4d63c395-15ed-4cf4-ab56-bfa313947dff"/>
<object name="45792365-6b63-437a-a9f0-dfd09fc2eba2"/>
<object name="5ff702dd-5281-4eda-9953-6233e3347a39"/>
<object name="f969664a-b3b6-4131-a1a4-8f710ac7414c"/>
<object name="aadda055-2da5-4950-a0f6-9ed2d026a342"/>
</objects></root>