<root><var name="id" value="adc4e92a-2280-4437-bc0f-faafe311e575"/><var name="level" value="95"/>
    <objects>
    <object name="ce3420dd-57cd-49dc-92a7-06c1e9315640"/>
<object name="13655ff3-38fb-4172-8341-14f70e176363"/>
<object name="da7d6d20-6ff3-437b-bbb3-6395c18983fd"/>
<object name="3f6c4ee9-19b1-4a79-b08f-6f311839e6e9"/>
<object name="d93aecfa-872c-4c9f-8439-ee1308b63bc2"/>
<object name="2189fa7a-9b0e-41b5-9410-2efd8ca2c864"/>
<object name="63b4e150-91a1-4c7d-b2f7-7c8576662b87"/>
<object name="cad08336-c891-4c57-8607-71f9380adb46"/>
<object name="117b5417-4c73-4868-9072-3d44fdd1ef93"/>
</objects></root>