<root><var name="id" value="e0d38578-b835-4a1c-afe6-7429dd077065"/><var name="level" value="56"/>
    <objects>
    <object name="4d2dc1f2-4395-4137-a280-4a24b3f453cf"/>
<object name="575031a7-d2a6-417c-92ab-111feee05cca"/>
<object name="27b68b9d-87f8-4192-ade6-e2d5df0cf038"/>
<object name="1fd43c96-7076-4226-9f83-791c401e7e28"/>
<object name="794c4b44-e194-499b-84a5-52a83523001b"/>
<object name="e1760cde-1099-4bad-9008-72db53ad03b6"/>
<object name="93d015ac-957f-4ceb-89bd-e12e4dfa611b"/>
<object name="70e270ff-9dde-48ed-b5cc-451ce63a8b57"/>
<object name="3768fbe3-4b77-42b6-a622-a418ac46eb8a"/>
</objects></root>