<root><var name="id" value="edd43bc7-2994-44e5-b3bc-11535dc80af7"/><var name="level" value="89"/>
    <objects>
    <object name="4474870e-ea2d-4332-892e-491248f6e62d"/>
<object name="1ca0ef2f-6de6-4cc4-9712-6464e198807f"/>
<object name="5b30ac26-f079-42cb-b20e-baa4ed4aa26f"/>
<object name="cfa6c02a-3341-40f2-8c48-fe5ea6ed45f5"/>
<object name="da848779-6cdc-45ed-a5b2-4ae55eaf8be6"/>
<object name="9dbeebda-f154-459d-9caf-b13bb5ce5bec"/>
<object name="866a0fee-71cf-431d-899f-1ff83afd2a48"/>
<object name="1be3f5cb-b6f4-4dbe-8434-979aabc9113f"/>
<object name="a4a49723-a141-4b05-a7db-f77e1726dfc5"/>
</objects></root>