<root><var name="id" value="658a0304-8c4e-4afa-b386-3f399fc34788"/><var name="level" value="96"/>
    <objects>
    <object name="b765dcc7-420d-464b-b031-5349b31b1fc6"/>
<object name="3c41a61e-2c29-47cd-b657-865f047eb6fe"/>
<object name="eb2fec2f-0693-4fbe-bdce-4baed494a16d"/>
<object name="80598c98-bb18-4623-9cd6-9c1e8de677d8"/>
<object name="927482f9-c405-4de8-9a2f-c5a652d813be"/>
<object name="3d021b5b-cb5c-45aa-bf87-b7d423c33b0f"/>
<object name="f6e3e7a0-6d3d-4c32-a1b9-d0b7d6f7e376"/>
<object name="b323829b-d41e-4797-8cbe-34f7ca3a49b8"/>
<object name="2db7ee3f-19f7-4d9c-a9ca-da5250d82afc"/>
</objects></root>