<root><var name="id" value="64c182f4-00c5-4afc-983d-efec5be27845"/><var name="level" value="86"/>
    <objects>
    <object name="603ac828-1d5c-4197-bd25-f64839f55102"/>
<object name="4b64c65f-f543-4e89-b3a6-a9455440caec"/>
<object name="b5163d9c-9bfb-4fca-902b-e424ab70688b"/>
<object name="31173ee2-775e-46d1-a309-b0d7a868410a"/>
<object name="ae255e0f-d856-423c-a5b4-8b07564aa44d"/>
<object name="1500e651-6924-4ce8-97c5-fc7f3130069a"/>
<object name="d63e326b-7f81-4cff-aaed-ff4e862508e0"/>
<object name="a3157379-6e55-4f00-9d68-3235c6ec44b3"/>
<object name="d483075f-81dc-450c-8e23-3c374b71fc39"/>
</objects></root>