<root><var name="id" value="cae90272-9ace-4f80-88d8-c531da4f9146"/><var name="level" value="49"/>
    <objects>
    <object name="a8e069ff-2d0c-4ab7-af56-386f797026e4"/>
<object name="48460a76-bd0c-4896-9461-a2881afa78b5"/>
<object name="a5b4b89f-980d-4eca-976a-f6b3788bdcc2"/>
<object name="af5440a1-cf44-4d56-af8b-28cf24786b70"/>
<object name="264688ca-e1e1-486a-b333-e2f807b20168"/>
<object name="115c9680-b187-4e3c-8b33-39b51e23a7db"/>
<object name="0f3593d4-3417-4e69-9a77-e921192fd878"/>
<object name="59839de6-f3e3-48e2-9cd4-400fd126ef5e"/>
<object name="a3ba97f5-2c9d-48c1-a583-ca49d83f4544"/>
</objects></root>