<root><var name="id" value="8ecfe1bf-660a-4c8c-8a8c-64c54caa38f7"/><var name="level" value="78"/>
    <objects>
    <object name="d160e97c-1dff-4792-bca4-bb65cf0e7610"/>
<object name="db257fac-ce76-4114-aea3-8d1b89361412"/>
<object name="82ca5404-4721-462f-a0d3-10309101d34d"/>
<object name="b3db5ee4-b55b-460b-b560-71f2bac9e53f"/>
<object name="c9497e08-c899-482a-ab81-25eefbe0ba79"/>
<object name="7d29368b-526f-455e-9a2a-e7389277a528"/>
<object name="6cc722eb-696b-4c72-a373-9d0fb8009890"/>
<object name="19d3f1d5-b9c8-43c0-afa0-688c437b2948"/>
<object name="872da686-b24e-4113-b244-15632ca5669d"/>
</objects></root>