<root><var name="id" value="ba8a28fa-2f2e-48dd-8250-2b6b0d9e1dc5"/><var name="level" value="89"/>
    <objects>
    <object name="a243f866-9336-499e-a981-349da5e5effb"/>
<object name="46dcc643-84f5-40f4-88d8-3a0da8144627"/>
<object name="41a029d0-9349-4ad4-8ba0-1fe97f57cdaf"/>
<object name="a8000b29-b02c-4101-ba32-5e1657da130d"/>
<object name="ab55b2d1-7a66-46f3-9eb5-adc15fb0af01"/>
<object name="0bca5dca-d528-4d3b-8c02-6fc058dbab24"/>
<object name="8005c8d0-0039-4b41-9fd3-a2ef888f5d1f"/>
<object name="6f52e6a0-3168-4a39-99b0-0478b9e9600f"/>
<object name="e10ab987-2653-4c97-a7ab-bd547fe9b193"/>
</objects></root>