<root><var name="id" value="ffff6e8d-338a-4781-af59-98fa5600c53e"/><var name="level" value="70"/>
    <objects>
    <object name="cfb6cd96-7b09-4ac7-baf3-236c3299403f"/>
<object name="3f680e28-bd3d-46dc-ab4a-01affa20a5b3"/>
<object name="c71c3dbe-b55d-4a2b-8b7c-4f3ac770532f"/>
<object name="787f4e2d-f08e-4a11-bf45-bd365cf1a454"/>
<object name="3eb92799-3414-49bd-ae1b-5679f0fdd6b6"/>
<object name="face48f4-26ae-4404-a48c-0a497221fc5f"/>
<object name="53878ec6-86ae-457e-a47e-6dc8cff9456b"/>
<object name="45d8f828-3db3-45b5-bd94-12eae6980f4e"/>
<object name="0b16eeed-a708-4b6f-b28b-d37c730f9880"/>
</objects></root>