<root><var name="id" value="55513281-2095-4458-b8c0-3bc28b10f80a"/><var name="level" value="84"/>
    <objects>
    <object name="e598515a-f6af-4c6d-9842-ce8fde2b9652"/>
<object name="69f2b365-85bd-4082-b02c-12467d27a9c0"/>
<object name="c3d1f815-96b7-44fd-9631-7067debfad8b"/>
<object name="2f7422bf-5b16-4ef4-be61-75f077fa3bfc"/>
<object name="caf79316-03e3-4404-b8ef-7bea3eccc050"/>
<object name="06d2b7df-5c68-41a2-910a-bf976bde40fb"/>
<object name="0fab853f-c313-4a02-8e6a-948443d12774"/>
<object name="59b142a6-671f-4366-95b0-24ea4878a7de"/>
<object name="9882d451-71ae-4186-b5a4-8ac683e73311"/>
</objects></root>