<root><var name="id" value="595d1700-af80-42e7-8c72-ad1c261a2c4f"/><var name="level" value="67"/>
    <objects>
    <object name="e4bb2d18-1f73-41a6-b9c7-ead1bd5abe20"/>
<object name="8ecac978-ce89-4dc1-bf59-6f705ca73482"/>
<object name="cee1b051-b7d2-4861-a5da-c51c0252d4cb"/>
<object name="577a7721-7f21-4863-a02d-b5e67446e2d8"/>
<object name="6d0a7df0-3bb0-47d5-9488-ee6b5dc27011"/>
<object name="2ae12a47-6272-480f-be65-2b6b19729fb0"/>
<object name="fea8effc-5ca0-462a-bc8d-b2af268c7538"/>
<object name="e9b280be-0dfe-4be8-89aa-e7d702c70852"/>
<object name="f2b9ecaa-6042-44eb-9326-22928ee49a2f"/>
</objects></root>