<root><var name="id" value="c4917f82-4e2d-455c-a3f8-32986d16cb0d"/><var name="level" value="3"/>
    <objects>
    <object name="d2341acd-b457-4cba-aca3-3af79e72d14b"/>
<object name="13485d04-3b15-48f5-9b57-bfaabc9f9a7e"/>
<object name="7d12367d-3772-425f-81e9-9e24c6d84376"/>
<object name="ac654d31-8691-41bf-82ee-b841c520a24f"/>
<object name="8edcd89a-ba77-43db-9102-0b6757422606"/>
<object name="886d8de3-44f4-46bb-b2a3-9e186feb2a9d"/>
<object name="5cf5ec9e-6504-40e2-acdc-0054e070f1da"/>
<object name="f2521c2f-c06e-4d90-9b2f-e3f12f29b573"/>
<object name="77603e25-2578-4622-8ad5-980fe20d0718"/>
</objects></root>