<root><var name="id" value="7d0b4715-f75f-4c04-ab80-ceecf76c98fe"/><var name="level" value="12"/>
    <objects>
    <object name="89cf4a3a-10f5-47e0-82c4-b834f156c7ca"/>
<object name="c64d91b9-5f46-436c-9ff9-9bb987636fab"/>
<object name="e2691e6a-60f4-406f-b0ef-c386090db8e9"/>
<object name="65289b82-9fc6-4796-8db3-cf294c38dc8e"/>
<object name="40ffe204-a8bc-4873-822e-83cb0bc5bf62"/>
<object name="d1448774-c638-4c4d-a682-74c22795f2ce"/>
<object name="ea85ba15-5de8-4bc6-88f1-e23138635f8f"/>
<object name="4fcc1b45-4003-4bfc-a930-c1587bf2b16e"/>
<object name="99a1d2bc-41e7-4fa5-8993-34292bf97216"/>
</objects></root>