<root><var name="id" value="fe9e7e74-74c2-4bbd-8bf2-48416e928f9b"/><var name="level" value="49"/>
    <objects>
    <object name="f3d72bbd-0ef0-4e6b-9687-58037fab381a"/>
<object name="bb050513-1786-41c6-948c-4b8aeeb7b1f0"/>
<object name="78e11ddb-5951-4619-8594-b30521d82881"/>
<object name="30fc25a9-88b1-412e-bdb8-0ed8d717ff3d"/>
<object name="9fbaca9e-f947-4d93-ba53-dacc69391230"/>
<object name="398b7cf0-043b-4036-badd-6dc3aadbf3ad"/>
<object name="6f914823-f556-4586-90c7-4b89c57ad53e"/>
<object name="0cc9bda3-4735-4451-8f87-5a8f28135199"/>
<object name="c8ca4d44-aff8-4f5a-a885-1ac8c8564e34"/>
</objects></root>