<root><var name="id" value="9bcef39b-20eb-4946-b6d7-428487692204"/><var name="level" value="7"/>
    <objects>
    <object name="09c502f3-6454-4dad-a742-c197b9d893f8"/>
<object name="2bc3bb92-6132-4daa-a874-8ec17e54526f"/>
<object name="0dc909e0-d93e-4867-8db0-ad692a29b48a"/>
<object name="6f4f4373-33e5-48a7-9c7c-5a044d06ddf7"/>
<object name="9af743c2-a139-44da-9827-87d42bed0a1c"/>
<object name="a24e61a7-f3f3-46ae-a3be-dbf6c21ae1fd"/>
<object name="02dcac65-97a9-4419-a1c7-d847a52c28b2"/>
<object name="c76cdaf4-fdb5-4963-a2b5-97b69e2c5b55"/>
<object name="023f0ebe-360a-42cf-ad6a-a5cd2773e20e"/>
</objects></root>