<root><var name="id" value="b0bc7770-94e0-4809-b998-af3a5efb1d03"/><var name="level" value="90"/>
    <objects>
    <object name="56103fb5-4061-4bbd-b723-4e124d646500"/>
<object name="e07c893c-6af7-4d41-91b8-95b9bfff5043"/>
<object name="075efc4a-bb00-4863-b7ae-e72289b59551"/>
<object name="978a6fcd-8910-4e7f-9f0b-99dfc7714278"/>
<object name="5e7420f8-478e-4e5e-a31c-31f8953bed24"/>
<object name="8d225488-5a1b-4074-8c56-2c4949ab4de4"/>
<object name="882e13e1-b7bf-41ab-9bc8-70b09a1771c4"/>
<object name="62303194-9e58-48ee-b84c-c492eec458b1"/>
<object name="31d28108-f4d6-4964-ba3d-ba7721222e0e"/>
</objects></root>