<root><var name="id" value="97918046-bb0d-4728-89e2-64c7d26fba9c"/><var name="level" value="8"/>
    <objects>
    <object name="2ca5ba8e-6c6a-4c28-97bf-498d428f66ed"/>
<object name="bdc9ee14-34e8-4061-b5b2-3422e5cd8a0b"/>
<object name="de348919-a415-4a29-8daa-e792ef4e1883"/>
<object name="d616f224-bee3-4000-afac-3a3c87488f8c"/>
<object name="9565eb62-ca77-483e-8489-8585229c89c4"/>
<object name="0b32406b-c3a6-49ac-a586-0b97d6173941"/>
<object name="c983dfa8-5378-4b42-975c-5d0bce4caf8d"/>
<object name="4fd1507c-abca-44a1-9a2a-b593260cc8e1"/>
<object name="548a31bd-828f-49ff-a571-6f152ecf21c6"/>
</objects></root>