<root><var name="id" value="3ccaacfe-dd60-4233-bfb5-2516b65797d3"/><var name="level" value="39"/>
    <objects>
    <object name="8acecabd-589a-403f-86ab-e594ad6fce5d"/>
<object name="dc7eba40-9a9d-4b38-8229-7758c610ec29"/>
<object name="ec3f803b-94e5-48ad-a6b0-af05d69bef45"/>
<object name="56258d61-0052-486d-b81f-c5947cd39283"/>
<object name="06cc657e-6438-45a3-b6f1-d7240bdaf41a"/>
<object name="47f15293-3395-4939-801c-3475937d2e4c"/>
<object name="e7d0e04e-e790-4317-b83a-8b0a239b9f7a"/>
<object name="3358b689-c4ac-487b-982f-ba05c4126702"/>
<object name="1ed6ef0a-75ac-4cdc-a21f-3fa941b26551"/>
</objects></root>