<root><var name="id" value="84a572d7-3604-41c0-a9c5-3d859a1fd16f"/><var name="level" value="66"/>
    <objects>
    <object name="dab3f906-d2f7-49ca-9bd5-34a04b01b1ea"/>
<object name="fdde9a3d-8d0b-4391-843c-ef68d19adef5"/>
<object name="1d998b37-c82d-40f7-b782-6b9fb9fcd18c"/>
<object name="4d10e504-7614-44cd-a868-a37d40fba71a"/>
<object name="c3ca5c43-d90f-4215-8d42-589d992849c0"/>
<object name="7c2dccc6-be87-472e-9933-9cfaa265205d"/>
<object name="634f55eb-d918-4982-93ab-ebc1fd29b991"/>
<object name="c7a005ad-b1b5-423f-bbe2-0fc07478886b"/>
<object name="f7746f6b-0ffc-4267-960d-e80c3ee1a28c"/>
</objects></root>