<root><var name="id" value="e501cd74-1a7a-4c4e-8ff4-8bbc79ce821c"/><var name="level" value="52"/>
    <objects>
    <object name="9b63556f-e80f-4943-a2bf-c1ff15564b13"/>
<object name="994ac511-3265-4197-b6ce-c21a6aeb1cc8"/>
<object name="3a82523b-ccb6-4e33-a1e8-2a941d07495d"/>
<object name="53c3ceae-a634-4f79-8243-7e11fdd3e280"/>
<object name="a24417d0-d05b-4bc5-9588-787188469543"/>
<object name="bfcad735-c5fb-4613-8638-24dc4d76a258"/>
<object name="8f17d7a5-d9d8-4e82-803b-3de6b2a249fc"/>
<object name="ab750705-1bb8-4b9e-87ba-f50be7109a9c"/>
<object name="935411e6-3e96-4c89-8fc2-dcb81b9c23ad"/>
</objects></root>