<root><var name="id" value="8a1ace7a-263c-4246-95e6-91d3f754a8c5"/><var name="level" value="9"/>
    <objects>
    <object name="5f9d0ca7-efa1-4b7b-a527-ddaefd5e0699"/>
<object name="7e24ffe7-5fbf-4a5b-86ff-c8aeff8738d5"/>
<object name="73ff5b63-2303-4881-8efe-0ce64df96b24"/>
<object name="401f14f5-fb73-435b-8e93-bea576c71c1a"/>
<object name="4cc16b7f-f746-4d12-8429-884f4934652f"/>
<object name="2a21922f-ace0-4f20-8726-8c6f58bd8ab7"/>
<object name="a3b4bbe7-1df1-4e95-a57e-5b41329a6568"/>
<object name="16c34896-f2e2-4d2a-8c25-8bfcbbf17ca5"/>
<object name="887dd4d2-9c9f-4f84-9a0a-881290bdb299"/>
</objects></root>