<root><var name="id" value="283eba67-55e7-41d6-99cf-7d2b66c2c2c0"/><var name="level" value="50"/>
    <objects>
    <object name="a63a06f9-aae1-4f1b-90ec-af38106ddd30"/>
<object name="305cb663-224e-43f1-9e92-5a1a4219b18c"/>
<object name="ab97f283-db5e-4b21-8d42-913e4f31615a"/>
<object name="b60f9db0-9738-4f93-a0b2-f6bd306a8619"/>
<object name="a6389a1f-a6e1-439d-a2cf-b8084dd804cb"/>
<object name="8d8aeaf7-aa3b-451f-a0da-b28a827e3cc8"/>
<object name="5b4afbd6-c65c-45f3-83fd-a6203f4b328a"/>
<object name="a82b8e36-bd63-4cf8-9667-f6081d17652a"/>
<object name="4f16e369-1cc1-4ab9-b3d7-d4aa527ddb16"/>
</objects></root>