<root><var name="id" value="abb88212-cd76-4406-ab23-98b3f46210de"/><var name="level" value="29"/>
    <objects>
    <object name="804ce022-68c0-4bdb-8024-6a5d6b075ccd"/>
<object name="d4102c31-8156-417b-9f05-333e6f901ff1"/>
<object name="4c93479a-2237-4f3b-845f-736e4b1975f7"/>
<object name="8d41b95a-e014-48fe-9133-f8deff5100b3"/>
<object name="3c6ae271-3422-415c-bf01-569688800058"/>
<object name="ad32b2a3-18e2-4dc9-b320-dc15c1265c37"/>
<object name="6255c5ef-c95f-4df8-80cd-6d8bdd0fb10a"/>
<object name="379cba89-151a-4a68-9432-93ed8fe952f5"/>
<object name="8d1b86db-58b2-4d03-ba66-7caf43b0aa43"/>
</objects></root>