<root><var name="id" value="c360d423-6b6d-4f86-afb7-fb56cf4a2157"/><var name="level" value="89"/>
    <objects>
    <object name="3a6d9bd4-e9cd-4584-916b-9ec25811b884"/>
<object name="4d4078a2-ccba-417b-8463-632725b0c84f"/>
<object name="15951d53-3d39-447a-a548-c3e43cd0ec48"/>
<object name="6480229e-1182-43ae-9b1c-dd72e4c6fcd7"/>
<object name="c42be268-40cf-4ea7-bf1b-134423d0cc55"/>
<object name="94ed4a8e-60b8-4ebf-acc7-2fa9971bf6a9"/>
<object name="9f0e6e12-3c35-401f-b9f3-dc1f568e4ef9"/>
<object name="21a65e8d-8ac8-4b41-8c53-aca706b3ad5e"/>
<object name="a076b5e3-f647-4f89-a280-fe5fdea2e177"/>
</objects></root>