<root><var name="id" value="34ba48b4-664d-495d-888a-79d2d86e58fe"/><var name="level" value="87"/>
    <objects>
    <object name="274c1d41-9068-44f8-a63f-d9df496a292a"/>
<object name="bbbc9d99-b790-42ec-b7ba-c966bd457844"/>
<object name="28199c6a-5575-423f-86e3-aa3894ba2769"/>
<object name="15364a47-c7ff-4721-8fc9-07438c950020"/>
<object name="b30f4f86-fe6c-4ffd-a914-0960f5fcbe26"/>
<object name="10573f77-aef8-40a1-a497-28d11a6cd331"/>
<object name="abb9dadb-cedf-4ea1-a458-1248c729b6eb"/>
<object name="41148698-2d41-44a1-91d6-b97add56de68"/>
<object name="e368da57-18d0-4e11-afe0-ee9d22608bd4"/>
</objects></root>