<root><var name="id" value="a43874b5-d8d8-488d-814e-38877c6b4bab"/><var name="level" value="48"/>
    <objects>
    <object name="c1cdd0ff-554a-4260-8017-1b6a2f761b09"/>
<object name="7a22bf96-bfc0-4c1c-8f41-9e0536562953"/>
<object name="0e5a600c-545a-4482-9dbb-2db3d6aa937a"/>
<object name="36571504-ef99-4dda-9ea7-f32e588f9886"/>
<object name="f4db3f22-fd2c-4de9-8ab2-671f2b21a16a"/>
<object name="2a16f4d8-8c7e-4cce-95a1-aee483b19ae3"/>
<object name="900c0b0a-3f3e-42a7-84ad-71c5073115cd"/>
<object name="c8e15b4c-43f8-43ef-a875-b03c174c7435"/>
<object name="c3e78101-32c3-4443-b2d7-b2f38648e4c5"/>
</objects></root>