<root><var name="id" value="871d3773-2e7d-4233-ade7-173c94d75935"/><var name="level" value="28"/>
    <objects>
    <object name="bd30ed3c-87bd-4c1a-8d2e-b05088ee11d8"/>
<object name="8a3df238-c60c-4f1f-9b29-74a349b873e1"/>
<object name="488a3aa3-8c50-4813-928b-b402bd0ae579"/>
<object name="6ea3f46e-021a-4af0-a7b1-80eea13fe34e"/>
<object name="d935311e-90dc-44e6-814d-1435cd584d6f"/>
<object name="fb9e385b-0757-4e5e-a7f6-d440f51c488d"/>
<object name="d94c88f3-799c-42ee-a6d5-8fb1f8a7c97b"/>
<object name="fad36674-21aa-4419-9528-648ed9ff6e0a"/>
<object name="0db8a028-947a-4786-9ad4-65a7670dc756"/>
</objects></root>