<root><var name="id" value="c7c99f6b-d31f-45bd-b39b-f2de5e47adde"/><var name="level" value="13"/>
    <objects>
    <object name="dd025670-059d-43b1-a183-dcbd803d1eb1"/>
<object name="6045fb04-297b-4a9f-8ca7-58825ea29d25"/>
<object name="55b68039-6dc3-43ef-bdfe-377e40b420f9"/>
<object name="1cb9481e-cab6-4703-b18f-c00778150e55"/>
<object name="413c4819-d3aa-43e1-bc06-cd941c15854b"/>
<object name="50287254-59b0-4ce6-8569-ca63e9b66102"/>
<object name="dab6c570-f2b2-4011-abde-ea8d520806e6"/>
<object name="2d0cb124-a4c3-47f2-8df6-7c234a380048"/>
<object name="b43c5296-38a2-4f4e-a2d5-ecdade0bbfe8"/>
</objects></root>