<root><var name="id" value="8d352e8e-12e3-414d-ad19-2aae5b8cfc10"/><var name="level" value="21"/>
    <objects>
    <object name="2ec2a11b-03bd-4d7e-a111-a240a881f0cf"/>
<object name="ce202fcc-8029-4e12-ac6f-76a994ad31b5"/>
<object name="64b7b6db-c5e8-40b2-b3ba-347e8f5844eb"/>
<object name="7c89e217-b577-45d8-9e37-c69134d46b1b"/>
<object name="f6ea8eae-5826-4530-9fad-9a41454712f1"/>
<object name="f82dbfe8-811a-4bd2-ba50-6969b1e8f35a"/>
<object name="90a8d08a-14c1-4a3c-a510-5c2ba26648d0"/>
<object name="eadc6f85-38e3-4bdb-84e8-e035b45ebebc"/>
<object name="cc1647aa-0f4f-4bf3-95d5-5364d9570a84"/>
</objects></root>