<root><var name="id" value="cda2cfc5-8b49-4f6c-bf7e-72fdf5611cff"/><var name="level" value="97"/>
    <objects>
    <object name="6600a256-13d6-461c-83fb-ec9542f88f34"/>
<object name="82139c1c-a85a-4ee0-bba3-fad3b0bc410b"/>
<object name="f1dac857-0946-4ad2-b39b-1a3adeb3a997"/>
<object name="cc894769-6980-4bf4-b78f-8eac7873fea8"/>
<object name="926364c7-e7a7-4324-aa3d-0d2a0ac678ba"/>
<object name="017fb2c5-efb4-4f08-b677-ccfac06bcdc3"/>
<object name="3b8c3f26-0c61-4e71-807b-5dc4a7786628"/>
<object name="b9c58fa7-8daa-4b17-aa60-35b6880207ce"/>
<object name="d8bc7760-3056-42ba-910a-d30870f0501a"/>
</objects></root>