<root><var name="id" value="62623970-eb51-4533-80c9-494969a305cc"/><var name="level" value="59"/>
    <objects>
    <object name="0932f96b-4b6a-4b26-a3fb-20218562e02b"/>
<object name="ec3c3e6c-d4cf-4c6b-9b95-01a530ac80e7"/>
<object name="93b03325-3792-44c6-9db4-7b84322647f2"/>
<object name="c8e00a1f-5d08-4c32-8d1e-cdbea6728748"/>
<object name="bf748545-ab50-4657-a63a-78c3bcf2ac0e"/>
<object name="b48b78bd-1377-477c-b629-a707e2f8090a"/>
<object name="9d720aef-e83a-4b03-8939-c1424872e035"/>
<object name="891b8b52-ed0b-4c8a-b7fb-75fd30e65266"/>
<object name="b5e85d29-4c8a-4e17-be54-565e316fff84"/>
</objects></root>