<root><var name="id" value="edc52782-7a9b-4633-ae20-043c41cf7785"/><var name="level" value="12"/>
    <objects>
    <object name="38355712-a0d2-47a7-85f2-c05fedc37cbb"/>
<object name="cf27c7e8-ee8b-45d7-a21a-242f03e79966"/>
<object name="3f77c352-3791-4c63-a819-0672e4164e07"/>
<object name="a357a9f9-1732-4f85-add1-c91d2d63347e"/>
<object name="2e6b1ffc-8f8f-49d8-b22e-ebebd165a2d9"/>
<object name="aecbae94-01aa-4087-8b71-21374571fad4"/>
<object name="2066307b-bc2a-47ce-8a67-1ff4419c78a4"/>
<object name="af0adcbd-a97e-424e-8034-62ac577f58ec"/>
<object name="1833f1ed-00e6-4515-a2ef-ef61de40e18b"/>
</objects></root>