<root><var name="id" value="24e0b507-9329-4720-8d2d-93b76a36ea47"/><var name="level" value="62"/>
    <objects>
    <object name="71b6ad04-df1c-4a6a-b6f5-f2f0292a8f16"/>
<object name="8e8d6236-a253-4cb7-bd51-bad9aeef8489"/>
<object name="c460cfc3-f657-4f5d-9f23-c680f093f2ec"/>
<object name="8eb20b36-7b5f-4222-9544-829f9e6739c8"/>
<object name="90abdb42-d351-460f-87d7-f72f60f37899"/>
<object name="770dd207-9a82-4823-b461-be4d3739ed9d"/>
<object name="6c75e196-1c41-4798-9c5a-ef7d9f7c71b6"/>
<object name="8dff7edf-618d-456d-83e9-997e92ad1cd5"/>
<object name="9135e252-565a-49ab-9bfd-795335ee9848"/>
</objects></root>