<root><var name="id" value="fbe2d8d8-9404-4256-b569-8fdb26bce439"/><var name="level" value="89"/>
    <objects>
    <object name="009c1588-34ae-44b8-8720-32b49f5af228"/>
<object name="50dbd142-04c6-41b0-8f34-8c8fbd6d00eb"/>
<object name="b8bd70db-b126-4f27-a657-b8fd9d9f4580"/>
<object name="200c554e-d7da-41a8-912d-49c10cddd1d5"/>
<object name="4934d3e7-ffcb-4327-8f15-22613c92c096"/>
<object name="8a48670a-ae32-44c6-883b-b4a0d5552f64"/>
<object name="dbb7f0f1-532a-4cf6-ac83-1a3a484ad10b"/>
<object name="64f13c23-725b-4512-b60d-6fe2df929a92"/>
<object name="0c7120ff-cca0-4371-b7d8-3f89042d1c28"/>
</objects></root>