<root><var name="id" value="c1b91de7-4746-4e35-ba89-5be606bad0a4"/><var name="level" value="13"/>
    <objects>
    <object name="71c6a378-6ee5-491c-be47-474aa3e48078"/>
<object name="fab31ca7-0b63-489d-a838-337af8891c60"/>
<object name="5eb9805d-92d7-4601-85da-4010aa9fce50"/>
<object name="cc78a8e4-2184-47d8-b9d3-5616e55f470c"/>
<object name="31c744d4-068d-4fa6-8fdd-ca2f3fc9021d"/>
<object name="317988c9-49de-4e34-ace4-7de4d84e3836"/>
<object name="074088e4-0698-43b4-88cf-1ce426a65899"/>
<object name="eb652c85-c85c-41d6-877b-bef83799d8c5"/>
<object name="006e294f-5f2b-409b-b675-975364f34a37"/>
</objects></root>