<root><var name="id" value="f5b46ce3-d155-4774-9ac0-492b83d4969d"/><var name="level" value="7"/>
    <objects>
    <object name="bed9597e-29de-48b2-9e9f-d4376f2e8e6d"/>
<object name="b33d4875-2bde-492b-8c57-958fdaa600a4"/>
<object name="0fdac92f-092e-4c79-af68-01d5e4b61080"/>
<object name="8508f34a-f8fb-4acd-b0dc-cb03a141134c"/>
<object name="f54a8eb5-1db9-44f4-8ed8-206e476daf1d"/>
<object name="24a49624-0e87-4802-8b7b-6735a388bbde"/>
<object name="2c1c5b36-b46e-449c-be20-063f66068361"/>
<object name="6c9f8817-1df9-4010-aadc-f922b688d906"/>
<object name="787933f5-f86d-4d8f-93a5-a5f663130a6b"/>
</objects></root>