<root><var name="id" value="92097411-02a9-413a-9b81-3f0d82480daf"/><var name="level" value="59"/>
    <objects>
    <object name="d6a8134e-d250-4c9c-ac57-409c3d532922"/>
<object name="44656ad2-895d-4992-9f62-eefbec84b157"/>
<object name="e2335fff-f7fd-44e1-a3ce-7ad5720ff54b"/>
<object name="ab1c5cb3-90a0-4cb5-b234-b6b9893f637f"/>
<object name="e956e283-ab1b-4ae2-b517-0ef2d9d4e78f"/>
<object name="0d082705-df3a-42d2-ada2-7f722a4e91f7"/>
<object name="57773f63-45ed-41ae-99e4-fd92c36d346c"/>
<object name="5729479f-406d-468a-accc-fb1be2c289fa"/>
<object name="c3e5696c-60c4-40a0-90ad-e66dc0caa3e1"/>
</objects></root>