<root><var name="id" value="7ccfec56-775d-4911-bc5c-a72d342bb828"/><var name="level" value="26"/>
    <objects>
    <object name="c076880c-8f67-4dd4-8266-304bd21aec91"/>
<object name="cf887ea9-0560-458d-9058-55ab8aec00e3"/>
<object name="a1c1061c-b21c-402d-b1ca-47ae630a3d02"/>
<object name="4bb7b12c-453d-4c15-9d28-3bba39fa9566"/>
<object name="9ed2a721-796b-40fc-9504-9178bf77b52b"/>
<object name="e70e860b-a073-4f57-817f-7ad3a95d05ff"/>
<object name="f702df1e-4cb7-4b7a-8f86-8c4fa9248b36"/>
<object name="83244ba7-9852-4c99-b8ad-75ca8a0da547"/>
<object name="edce8534-d19d-4dfd-a3d7-adafc470774d"/>
</objects></root>