<root><var name="id" value="94b2b1ac-114d-432d-8d05-9e09b5b20a78"/><var name="level" value="73"/>
    <objects>
    <object name="2998b786-ddfe-4e56-8a0d-3f1ad115e67e"/>
<object name="43754e96-70ed-4cfd-9468-2ec3872f4bce"/>
<object name="b935fa7f-bbe4-4e61-8814-d98361abad87"/>
<object name="b432f5f6-7fec-4e91-b0de-0d377ab18745"/>
<object name="44467915-24b7-491b-8bc1-2220b9c55dba"/>
<object name="0fa77ab9-490f-4e10-9c42-a74d830f61a9"/>
<object name="ceac22d1-10ca-44db-82cd-02d0472d93d1"/>
<object name="2fede6fe-c121-4344-a4d6-7bb5273f5f6e"/>
<object name="e342ab34-372c-4009-a33f-447a293c6fb4"/>
</objects></root>