<root><var name="id" value="6be74558-d109-4f4d-b463-cc6a7c759a7a"/><var name="level" value="78"/>
    <objects>
    <object name="326455f3-2db6-482e-8126-ed844eacaff9"/>
<object name="59d5f047-4e04-42c3-a332-2c02d4c03ab3"/>
<object name="0c058adc-ddfe-4237-afe5-3b0054c5498b"/>
<object name="d9ef6f27-f297-46fa-b3e7-76a1a5697208"/>
<object name="707c2804-7736-45d7-8df4-007afdc2848b"/>
<object name="7d594921-95d7-4d01-9ccf-b77bd39dd063"/>
<object name="a6d7b456-8328-4483-ab74-eaaf85aa38fa"/>
<object name="7a868bc5-d2e7-4774-96f5-73e97af50fcb"/>
<object name="0198d914-c0b3-48ef-b1c8-3c51df2a9480"/>
</objects></root>