<root><var name="id" value="eac31b77-4dd0-45f6-899e-57d0041df64c"/><var name="level" value="21"/>
    <objects>
    <object name="6e919665-6151-42c5-be5d-06f6f2085bbc"/>
<object name="367487ee-c01e-405a-8833-72dba39b64d5"/>
<object name="54c79f73-ebe7-4dc6-9664-f4a3fcbe59c0"/>
<object name="98f21df5-a477-44d0-b915-b3121a24b55b"/>
<object name="6ccbdf4f-d8a2-41b1-a2d4-7cf44955d32b"/>
<object name="f9587598-06e4-4e3d-9da4-4d2587b2ad29"/>
<object name="5e1b4f85-4220-4f60-9949-5c838fc737c7"/>
<object name="86f28a85-8373-496a-973d-4bb795d76880"/>
<object name="798beabc-30cd-4f72-bfb4-e62c6146a6c9"/>
</objects></root>