<root><var name="id" value="c67d877f-d583-4544-a247-c27b94e2a5a2"/><var name="level" value="93"/>
    <objects>
    <object name="a083d860-cc8e-4aa3-a1c0-5d064ac785c8"/>
<object name="758a9c61-be80-41e9-879f-6edbe1e035d9"/>
<object name="b98ae8a4-9139-4046-9bae-ad500933cd6c"/>
<object name="5f02981e-8c2e-4dd3-a295-7d6467647c1f"/>
<object name="86752796-9afe-457d-a040-7dbd6b74ee3d"/>
<object name="6d6dbcc5-119d-4b38-aaae-95b69d5ab58e"/>
<object name="d59d4308-7de0-479e-989a-1fa98756a904"/>
<object name="a4905a16-5a71-43ab-9f34-7ac52f904b15"/>
<object name="39bfe24f-e8b7-46d5-8295-03936cf46fec"/>
</objects></root>