<root><var name="id" value="e25c392e-5984-47ef-86a5-6bb8d89d4b29"/><var name="level" value="92"/>
    <objects>
    <object name="6fd53998-3943-4222-a430-02183a6fb10c"/>
<object name="95f935b3-8683-46ad-903b-38bccd2a26a2"/>
<object name="3d8b7b33-5b40-489a-ae5b-02a80c7ac55a"/>
<object name="ca74acc1-5381-45aa-8ed1-29a82e2b8e4c"/>
<object name="bb40b3d6-ba7d-4117-b649-830010ad58e2"/>
<object name="88f7ec39-76ea-490c-8f05-f4b985dbeff0"/>
<object name="657a8a41-5b37-4fa0-b816-175cb102bdec"/>
<object name="ade8d693-9f60-4782-8113-acbcad1f3936"/>
<object name="b5b02650-3102-4ae1-be92-f7918000bed4"/>
</objects></root>