<root><var name="id" value="c389ba26-6331-4c17-97d3-7d941bede212"/><var name="level" value="66"/>
    <objects>
    <object name="483138d5-d464-4ab8-91b6-48472909a054"/>
<object name="ca7386dd-7635-4cea-b7bc-730420919ea8"/>
<object name="7e540cdd-3506-4409-ad85-73281b15d070"/>
<object name="1e0620d6-040a-407e-941a-eeb55cd26a29"/>
<object name="af35dcaa-207d-40cc-a069-f02656278320"/>
<object name="4bc9f99f-6436-4ee8-913c-73a1d384436f"/>
<object name="82773404-d8e9-40d5-aafb-5ae419b6dfe9"/>
<object name="26ea0315-4ded-4d6b-baf3-80ad157395b1"/>
<object name="12d8fcb3-db73-49e3-b72d-f45421b513f4"/>
</objects></root>