<root><var name="id" value="1dea5d73-0eba-42ec-bd99-2be7de5d8f5e"/><var name="level" value="7"/>
    <objects>
    <object name="a5cfd2ce-9827-4362-8dc2-4cfdbd54c19a"/>
<object name="1e96f5e4-62be-4066-bda8-46bc8d91e60e"/>
<object name="6e97c333-7e7e-4593-a892-b2cdbb9eab02"/>
<object name="877440b0-4f48-4635-85a5-15e25ae09853"/>
<object name="09cd4033-f228-4c18-8e16-b588d0799691"/>
<object name="ac20fbbe-7e4e-4b92-bf6e-75e8276befd8"/>
<object name="751406c7-d8d6-4e99-b607-80d0678bfee1"/>
<object name="afa61634-5ef0-4c48-916a-69d3733aa169"/>
<object name="fa7008f1-8d39-48b3-9115-94414c0bc3a9"/>
</objects></root>