<root><var name="id" value="1064faed-e0af-4c15-8764-d9f6d994881e"/><var name="level" value="42"/>
    <objects>
    <object name="a600c4ab-f991-468a-a56b-f644bf8b3dcf"/>
<object name="c08c3b36-1a52-4ace-9ff2-46b96cb4df83"/>
<object name="d6832d94-b64c-491d-a453-803817c36abc"/>
<object name="357bf110-5e6a-4be3-8bd2-5d2990bd06fe"/>
<object name="998b8d39-450f-49b8-b075-6a0d395d79dc"/>
<object name="dadf6c32-7d54-4a96-b639-5d1ed91789e4"/>
<object name="c9786b06-b47b-494a-b185-f261bb9d1881"/>
<object name="ad53e3af-c81e-4cf4-a1cb-4b5629edbd88"/>
<object name="830e311f-d24f-4c44-ba95-307686fe4811"/>
</objects></root>