<root><var name="id" value="f88fe83a-1638-4882-a0fe-d773176b5f58"/><var name="level" value="69"/>
    <objects>
    <object name="21f30588-83dd-4235-bba1-5de3a1a81198"/>
<object name="85311e08-15f4-43fe-af84-30194a44e896"/>
<object name="83a40c7d-81cb-4259-aa49-a38a4df97ec6"/>
<object name="272d4e9c-0f26-42af-becd-c938d6653ba7"/>
<object name="aab4c6ca-6647-4adc-a74a-64658fb74bf0"/>
<object name="4ec42d35-77af-45e1-9801-5abf36d8816f"/>
<object name="8f8b3a6a-2821-4da5-815e-12c302f6cabe"/>
<object name="91a3b883-6735-4f37-be86-af6c9f51e051"/>
<object name="21552f0b-3704-4a9c-a4bb-6feaf8cb1df3"/>
</objects></root>