<root><var name="id" value="913d7845-652e-4a9a-9498-0a1db911cc99"/><var name="level" value="49"/>
    <objects>
    <object name="0a217fb6-3c4c-4a66-9a68-2c51504f4408"/>
<object name="4169f5ae-93cf-48c2-961f-6ab77b8464f5"/>
<object name="de82bc7b-54a8-4e7d-85fb-318e92391e1e"/>
<object name="80b2cf3d-0223-42d5-acd6-3471a0b93672"/>
<object name="29abf9c3-1fc5-4ac5-93fa-b0a4cf494358"/>
<object name="a197d7d7-44fb-44c5-a32d-a1d1c1446a2f"/>
<object name="6536aecb-1d5d-44aa-bfec-52eb8f88fcbb"/>
<object name="4c25f66e-e498-4cc8-a70a-29d916cb75ec"/>
<object name="5502d5b8-9e0b-486d-8295-ec861f722791"/>
</objects></root>