<root><var name="id" value="3218d0c8-375a-4306-8b03-83f5d217f3cd"/><var name="level" value="26"/>
    <objects>
    <object name="f9b73991-5efd-4365-a81d-930db5323cb3"/>
<object name="859e4111-e2e3-4a33-ae42-7b8ba8414feb"/>
<object name="85a2baf6-0473-443e-8552-2599a6cf9c15"/>
<object name="dcc3570d-eebf-42a7-9a5a-a89ef2649834"/>
<object name="559e0abc-4a59-4950-a323-2a6da3140381"/>
<object name="6223f4fe-2128-42c2-9d81-9bf0a08b5e1d"/>
<object name="fc1d33d0-9504-4115-a18f-8eef6d581274"/>
<object name="a9ba4790-d942-4b09-8fb3-4c49c6e1afc0"/>
<object name="6e93447e-bb29-4b14-8cf8-4d13d36415ae"/>
</objects></root>