<root><var name="id" value="3ee6e98a-562b-4781-91be-fd32ea4002ae"/><var name="level" value="17"/>
    <objects>
    <object name="0460c558-c7e8-42b8-99a2-0314898da0af"/>
<object name="df7dcf39-4414-4756-9808-96bc1443f55b"/>
<object name="68e2bc2f-b127-4d06-881b-82151106d2cd"/>
<object name="5d73c0f5-d751-4a56-a7bc-379b3ea27ebc"/>
<object name="70d9b1ac-30ef-4b47-b66f-9a499a353bb2"/>
<object name="79c0f5cf-cc3e-4e66-b157-2a11147ae9de"/>
<object name="379bea85-521b-4a35-aae0-6cfcb415f059"/>
<object name="5657584f-8aca-4186-8758-449427e0db0c"/>
<object name="85dd870c-fafe-4fbb-8a85-8812b6b855c9"/>
</objects></root>