<root><var name="id" value="90743a14-39bc-405c-b00d-6da3c9fb4ac1"/><var name="level" value="7"/>
    <objects>
    <object name="66a4a260-09bb-4041-9f2e-51c17d965951"/>
<object name="ade642a5-5b4e-4eb6-b312-0b90820d633e"/>
<object name="acf4675c-fd0f-4cc4-88b9-b05f9b86ec56"/>
<object name="66922b38-e761-4817-be88-032d27fa3d65"/>
<object name="44fd5f55-57b3-4677-9690-50e704a60c9e"/>
<object name="7421a8d3-fda4-4e03-9815-e0bc59bab10d"/>
<object name="75ab19ad-611b-4f93-aa35-711d4314db2b"/>
<object name="220b1adb-1f6a-4255-a861-ee25dd0c81ef"/>
<object name="af8b2442-f075-4da5-888f-c9d8c763d51f"/>
</objects></root>