<root><var name="id" value="ff709fb9-47cf-4df7-8894-74e71c1a6fb8"/><var name="level" value="61"/>
    <objects>
    <object name="1b0b74d6-72eb-41e8-90d4-1281c25bf1fb"/>
<object name="9a7d0ce0-cad0-42ef-8f06-3595642d2e8d"/>
<object name="e5b5180b-1421-4c1f-b0ad-e451eed859f2"/>
<object name="df071ba2-7e48-421c-a97c-b8391acca7aa"/>
<object name="2b4e850a-b77b-46a9-ab2e-f4325dcf3329"/>
<object name="b71963ce-5193-4cfc-b4fa-c3052b883633"/>
<object name="f9c3d692-93a5-4065-b6a9-8d94f2433199"/>
<object name="1f1777e1-ed50-464a-8b4f-eaf169a428b7"/>
<object name="978ee319-271e-46c7-9d4c-b61993489121"/>
</objects></root>