<root><var name="id" value="d409a8b6-cfe1-4c17-a732-b0b0c328998f"/><var name="level" value="85"/>
    <objects>
    <object name="accf0cdd-f266-461e-a441-bb72f2990e06"/>
<object name="7d09a8b9-c068-405c-b5c0-1f8b4aeefc7c"/>
<object name="585dcac1-d12c-4556-acf7-cf6fbdb4b1ab"/>
<object name="fa49daaf-c406-4764-b3ec-b883d5027247"/>
<object name="9ba06e87-d667-4008-b195-dd0086f4f294"/>
<object name="9cd6595f-f415-44b8-8517-4b4ccae9d315"/>
<object name="349e44cd-8540-4a4c-b7e4-412ec33ca3a1"/>
<object name="f9f60423-3634-42c6-bdcb-ea7e55ac3800"/>
<object name="0342b993-9aaf-45d5-a211-477aa02c6643"/>
</objects></root>