<root><var name="id" value="d0a3020a-46b1-410a-aab2-304ae92244de"/><var name="level" value="20"/>
    <objects>
    <object name="8eb6d2fb-0ad6-45b3-8b57-72400cf2c5eb"/>
<object name="8363236f-a246-4c07-ad75-af2034e721e3"/>
<object name="d9f5f53e-ee2d-4648-8f19-103e6b7d521b"/>
<object name="f2150b13-3d3d-4707-a2e8-5c75e6fbd03b"/>
<object name="0917f63f-4a0f-4be6-8e46-315043796b3f"/>
<object name="30152152-ca8a-4411-bbee-61774cdb4ce9"/>
<object name="35c7d9df-a8f1-40bc-b6c8-3504da5ae1e7"/>
<object name="7c27e000-4126-4178-a955-ebe4c9e1438d"/>
<object name="3011991d-f6f1-433a-8af3-6285d433e0f9"/>
</objects></root>