<root><var name="id" value="656f7529-9cf2-43d4-8692-e2ccaf5ea923"/><var name="level" value="6"/>
    <objects>
    <object name="afa4c5d7-f09f-48e3-ae04-8aaad6f715c8"/>
<object name="4481e28d-1952-4eeb-8aa5-3adf3febeef3"/>
<object name="f6ca44f2-3215-4a6a-b51d-64f99c340be0"/>
<object name="b4d4505b-fb91-4411-b7c5-f877d9bc7a6f"/>
<object name="3ddc1a98-9ea4-4c2b-9631-2062f7f68b53"/>
<object name="11d543e3-968e-46e8-9fe1-aef290850c19"/>
<object name="47778c27-b657-4615-8794-917640da9136"/>
<object name="810b9612-f29a-43b4-a967-114e17594726"/>
<object name="5d062a00-7387-467e-bf7f-1e99ffd22888"/>
</objects></root>