<root><var name="id" value="0cff7b8b-52a4-4dd9-bda0-31afd9770be5"/><var name="level" value="13"/>
    <objects>
    <object name="e4cb8e3f-b30d-4bce-8037-bcb079aa163c"/>
<object name="79ed6692-7309-459b-ad35-177ee44c1ab1"/>
<object name="1ea74c96-f2e9-40bf-9c82-53fe6c3d108c"/>
<object name="a3343b3b-032d-4192-9dcc-94782220a996"/>
<object name="5f1d7192-2595-4089-90b6-8e2b97b59c58"/>
<object name="3dcf3f12-7bcc-4b16-ac35-37c440a66834"/>
<object name="b05656fe-48c7-4c44-8a22-ed8e20f2cf17"/>
<object name="72e5caad-e2da-4446-84a9-8d21f2bb9193"/>
<object name="5853a3ea-7589-4e90-88de-5304d1fb9187"/>
</objects></root>