<root><var name="id" value="c4700328-42f1-4569-91ab-c4936ec9321a"/><var name="level" value="90"/>
    <objects>
    <object name="0d3f2700-0578-4624-8951-ba16525c682c"/>
<object name="90b50028-4fea-4810-b143-b6538f965c3c"/>
<object name="40d13c39-e3b0-404b-92d5-5e6eb28ae5cb"/>
<object name="470f6723-99ea-460c-84f2-7da2abb03eaa"/>
<object name="cf52bc06-f0b3-4b5a-95af-0834303a1f67"/>
<object name="a6c66123-50d5-4b46-a8be-6ae78066f9b6"/>
<object name="06de554a-84be-4121-ab34-9809b0a217a3"/>
<object name="eabf6a16-3584-4318-a599-108e98043a64"/>
<object name="5ed7938c-bfa6-44c2-abe7-dfa59db04c82"/>
</objects></root>