<root><var name="id" value="8ab66456-9957-40e4-b199-5a7c63381296"/><var name="level" value="49"/>
    <objects>
    <object name="1d9b86d8-1669-46a6-ad08-5adf76cf810a"/>
<object name="8f76737f-0986-419a-938b-4ba8e8a506ab"/>
<object name="b33c904f-edde-4f31-94de-ad362f100e0e"/>
<object name="04b8e450-9460-4b2b-83ef-a3eb17f404c9"/>
<object name="dbf511d4-a492-4af0-9de2-26be0045ba6f"/>
<object name="a84256d1-88d6-4bf5-9436-135c07eed362"/>
<object name="aee04e88-8f05-42b5-ac8b-ddc68fd0193b"/>
<object name="6734cfae-7b5e-4b6f-b32e-2f54d89b7997"/>
<object name="cbca426e-878a-4dea-8c2d-1d16faf6aab6"/>
</objects></root>