<root><var name="id" value="c1c6bb27-6b91-416a-b554-afbf1c052689"/><var name="level" value="32"/>
    <objects>
    <object name="fbac7f3b-4e43-4cb0-8e76-e0fbe4adea53"/>
<object name="76ebf319-dae6-4ffe-8587-e5fed9a65c71"/>
<object name="3ad0c01d-6f9f-4ab7-939f-e4b77758d8f1"/>
<object name="82d90196-2653-4a10-a25e-a1511433fc99"/>
<object name="67b18998-0d45-4f46-8676-34cfef902abf"/>
<object name="8dea8fbf-fa16-42b8-bd66-a08fede57318"/>
<object name="a1132676-b526-44cc-a59c-6bb4a6f2cdf8"/>
<object name="98a863e3-b5ea-4736-9a32-c23e2ca98cf6"/>
<object name="0a68e319-4c28-4b62-be9a-1c987c612507"/>
</objects></root>