<root><var name="id" value="93b4884b-741b-4077-ac29-c288bcc975c9"/><var name="level" value="46"/>
    <objects>
    <object name="cfd0abd5-3386-469a-a082-881298594938"/>
<object name="ab15c555-d712-45ef-83b3-9933a931d3b2"/>
<object name="4b20dd99-b780-42d5-9605-a93f794ad64e"/>
<object name="db62caec-0256-45d6-8d9d-37ae5f54def8"/>
<object name="53389254-b7f0-46ce-ae62-1dc5c51e6581"/>
<object name="bed0fe4e-8b86-4d89-8efa-64c389897c85"/>
<object name="05091fc4-567b-4d53-a83c-964b7c0f316f"/>
<object name="b43fa623-2edb-402f-a17a-f6ddc1c13c6b"/>
<object name="8ae37199-492e-4a12-a844-beaf62d7d087"/>
</objects></root>