<root><var name="id" value="1d0ebbaa-2683-4ca2-99e7-bc1af6d946ec"/><var name="level" value="47"/>
    <objects>
    <object name="d862f627-f949-4527-a871-87624c330810"/>
<object name="f0cb821c-3694-4fad-abc4-f46300c5003c"/>
<object name="0b6c695b-ef29-48df-9b28-82352b1cb68c"/>
<object name="4fb5771f-0087-407b-80c3-98fdc04fb454"/>
<object name="5a6736a7-d0f1-4789-9f64-ab3288c60a71"/>
<object name="1cbc68bb-ce3f-4f37-9e3b-039a0b3249ad"/>
<object name="571827b2-e099-4b63-83f0-ed02bdc3fef4"/>
<object name="51d10ed8-4f15-4f3d-af6d-9beb8e91f077"/>
<object name="7be7b10c-5b1a-477f-8d08-54a92610949a"/>
</objects></root>