<root><var name="id" value="050b36fe-abd3-4817-8041-94c8fd02686d"/><var name="level" value="69"/>
    <objects>
    <object name="12b4a540-bb16-4b4a-914a-f66d107b4c45"/>
<object name="53cc6db9-27d3-431f-9f89-30a560faa8a1"/>
<object name="ccc78d26-b2b3-4af0-9808-41ab90e09d5e"/>
<object name="4e36a7ca-3e97-418b-88fc-033744779b8c"/>
<object name="e3149dcc-c965-44ad-b4c3-fbfd00e8a93d"/>
<object name="1f2826e4-9449-47fb-a455-d0d7022a7685"/>
<object name="9d548a9d-0189-4838-a23c-c45f6d256d47"/>
<object name="961ef607-6126-43c8-8b5f-7ce76469deb1"/>
<object name="5f9f62d4-ade4-4b27-ac45-5ca098e7551e"/>
</objects></root>