<root><var name="id" value="56fd4a27-7b4f-4a7c-8502-1e871c15920d"/><var name="level" value="76"/>
    <objects>
    <object name="39c9dd75-923f-43ed-9db5-aba8711799ca"/>
<object name="ca93167e-60a3-4831-aba0-563744a4552a"/>
<object name="d55ea3e6-7535-4bb2-9516-e45b6bdc3df0"/>
<object name="81d388bf-897d-4751-8432-861e133d01b6"/>
<object name="57f98240-0624-44d7-b191-7d34b74dfdcd"/>
<object name="11be237b-ab84-44dc-8c6e-3bc69d9b433f"/>
<object name="2589167e-9179-471f-aa0f-15f4507f749a"/>
<object name="a824bf7c-2694-4f4a-810e-da923094585b"/>
<object name="e51207bc-b924-47e3-b13e-68c0f0e25c3c"/>
</objects></root>