<root><var name="id" value="f16bd8e2-9fc8-485d-802b-e6aa7ea7de53"/><var name="level" value="24"/>
    <objects>
    <object name="48cd9b24-7b5a-4ced-90c7-a91d828bcd31"/>
<object name="268f151e-f452-4952-b675-7bc50282085f"/>
<object name="26c62561-6c0c-40bf-aa15-78ca0518003a"/>
<object name="63770a61-8b8e-4fc6-965a-5d6e8d0447c8"/>
<object name="7133cc62-7c4e-4536-9a4a-76263e94ace2"/>
<object name="58a0486d-a5fa-4715-a7c8-46dea1bc649b"/>
<object name="521cb61c-52d2-4be9-8c44-3e6b0a6d78aa"/>
<object name="64dde00f-7601-404c-a599-b40528fbadcc"/>
<object name="4aa5e874-a564-4b5b-9b14-c779da81b4fb"/>
</objects></root>