<root><var name="id" value="5c0d3779-4eda-473a-83a1-c308b764fe83"/><var name="level" value="86"/>
    <objects>
    <object name="0c384a22-d4e4-4a2a-bfbb-cf4fa3eaf172"/>
<object name="76b1c4ff-62e8-4787-b1bd-c807f940dd46"/>
<object name="eae5df45-a21a-4122-be1b-5dc68720028a"/>
<object name="7b9f9783-d3f4-4f4c-b197-d632cd6dc1ed"/>
<object name="7f5e5ace-7da9-4948-a61f-62fd26009c8a"/>
<object name="7583b182-adf0-4279-b86d-2405c2f6bb7a"/>
<object name="969bd419-727d-4741-90ba-1f3b6e712164"/>
<object name="0a67a2fd-7a26-4139-93a3-31e15a161f21"/>
<object name="7799e832-90aa-4880-8f9b-1d996267baf4"/>
</objects></root>