<root><var name="id" value="146b3c3f-e14b-4cc4-b861-a120361a0d3d"/><var name="level" value="73"/>
    <objects>
    <object name="acd51de1-4665-46b0-a5d4-599912b28869"/>
<object name="7355d771-de72-4ed6-aacf-27fd5066a310"/>
<object name="ca44b58e-98cc-4aeb-acfe-d9f437bd1275"/>
<object name="9fdaaece-8453-4e69-9d71-f0e02e40f10c"/>
<object name="a0fc4071-3cdc-487d-be3f-0b0b677dd733"/>
<object name="bad1958d-6ff9-4a6a-9439-ba97d60c3ac2"/>
<object name="74403a7b-0ee9-49f1-8a88-24059e353932"/>
<object name="16827a72-d411-44b8-bad5-2628efe64c0c"/>
<object name="ae9f8c5f-420b-4f0c-8205-cdff903935de"/>
</objects></root>