<root><var name="id" value="0583f5d2-ec81-46ba-82bd-cec59354731f"/><var name="level" value="37"/>
    <objects>
    <object name="91b8d13c-8e8f-476a-9a0d-df3bf1923658"/>
<object name="91f8262f-4692-4fbc-ac72-7fabab6c21b5"/>
<object name="53875689-7d68-4960-b6bb-8104175b375e"/>
<object name="9f0ae228-2239-486d-8fe1-4ad1226a2dac"/>
<object name="29322998-dd1d-4c10-ad1f-7483256e4a3a"/>
<object name="d5ad0e8a-a12a-47c3-b5af-ace645c9fb1f"/>
<object name="707e1757-1b91-4a1b-ad35-ea1f2eced394"/>
<object name="c6856c1a-a4d9-4691-a68c-6951f9033720"/>
<object name="dc508435-1723-432c-8856-b567e6fab645"/>
</objects></root>