<root><var name="id" value="45de94e0-c4d7-4cf6-80dd-1a8b9bf3c75b"/><var name="level" value="38"/>
    <objects>
    <object name="ee4f10a2-5bcb-4b47-aeca-a1c057980a7e"/>
<object name="8d9c8216-f708-4110-adbb-83a98cc6ce4b"/>
<object name="2f954055-ab1c-47e4-8749-839477435a44"/>
<object name="66c7f3a8-a1fc-42dd-a51c-86713f5b7068"/>
<object name="c52dccc7-78f2-4e6c-bef8-4b0fd7ee29d5"/>
<object name="2d69fb8d-1ec2-449d-bc46-8a95f46962e4"/>
<object name="593910a1-70a3-4810-8883-b3bc94d06371"/>
<object name="890ca93c-e994-41b9-92aa-12fb764dfce7"/>
<object name="32425bfb-9cdd-43db-84c5-ac7fc0e9cd6d"/>
</objects></root>