<root><var name="id" value="c93b3b4d-74fd-46a5-9981-50ef7200a696"/><var name="level" value="21"/>
    <objects>
    <object name="b5bdc653-d327-48aa-9c65-4947d35169a6"/>
<object name="8c1ee5cd-f964-4380-80c1-64ca634b98c9"/>
<object name="9e6841d7-3fc7-4a38-ab02-28f4bb29f270"/>
<object name="3a4a038f-3bbe-4ca0-8552-da4b74c12e17"/>
<object name="6a87950c-e48c-4f91-b28d-186242740c1d"/>
<object name="0ee47c84-d2bc-4686-b66b-ff524deac084"/>
<object name="fd165f4d-e68b-4fce-a86e-e1eb764d5757"/>
<object name="758d90c0-7db3-4ca1-943e-5745b5e4f4a2"/>
<object name="43b058d7-0cd2-43e8-b4f6-a35090c0f23c"/>
</objects></root>