<root><var name="id" value="bb9778c1-2efd-4bdb-bf72-98670ac86cc2"/><var name="level" value="5"/>
    <objects>
    <object name="affe502b-6e2b-49fb-92c5-8b1a59f666e1"/>
    <object name="93d2a445-eca2-4987-8626-a2325cf32c35"/>
    <object name="24839b1c-4064-4655-a332-b0322b7fd656"/>
    <object name="3099f2f5-23e1-4a71-8a04-3fcb876af1dd"/>
    <object blame="93a79f5c-6710-4ce3-8da0-b3e8ab2c3daf"/>
    <object name="0926cd78-a7c3-4c59-ba93-d1c736700524"/>
    <object name="47a8ddc6-e638-411c-9026-2a71906efe29"/>
    <object name="b27eadc1-a77f-4414-8131-c5313126d4f6"/>
    <object name="5336237a-6a38-4277-8417-df55365efe98"/>
</objects></root>