<root <var name="id" value="e3d5d91c-e24e-41b4-a21f-6df46881374f"/><var name="level" value="67"/>
    <objects>
    <object name="2bb12b58-c666-45eb-b105-2bd5047ee509"/>
<object name="eb639978-6abb-4133-a065-9395cfc108c8"/>
<object name="dadcd74c-d207-4089-8d19-b788528a91a0"/>
<object name="ed71ed95-697a-42eb-9bec-bf8163dbcccd"/>
<object name="1e6367d0-1256-4851-a086-ac70018e6362"/>
<object name="f51a296c-51ef-4738-9f3a-70c84a222fac"/>
<object name="4fd07a19-ba5a-4ae2-8236-fe2781b863e7"/>
<object name="ef0ae6bb-d38a-40ea-ad7c-6ad56f1aae19"/>
<object name="860b2e4f-8f95-4ff5-a2e1-30ca5092620d"/>
</objects></root>