<root><var name="id" /><var name="level" value="91"/>
    <objects>
    <object name="38788fe1-1509-435c-ac7e-aec9a71c6f52"/>
<object name="c15d461b-7046-4422-be03-85a8828fd236"/>
<object name="529e5233-8f1f-4408-ac66-9043cdc10791"/>
<object name="5f7805f6-6f1b-4475-b943-0d32bd36c0a1"/>
<object name="87b1d7e9-dd97-4b27-9794-6f623460a559"/>
<object name="3fc75cb3-6efb-4b04-803a-27a3cdc7557e"/>
<object name="cece31de-940c-4bd0-b1bd-e87f7661ea4e"/>
<object name="235b3e92-5a79-464c-a1d5-abd6727a852e"/>
<object name="860dd43a-6869-4061-a88f-efcf8b19696f"/>
</objects></root>